<?xml version="1.0" encoding="UTF-8"?><idempiere Name="CostoInicialAIS" Version="1.0.0" idempiereVersion="" DataBaseVersion="" Description="" Author="" AuthorEmail="" CreatedDate="2020-10-14 15:38:56.08" UpdatedDate="2020-10-14 15:38:56.08" PackOutVersion="100" UpdateDictionary="false" Client="0-SYSTEM-System" AD_Client_UU="11237b53-9592-4af1-b3c5-afd216514b5d">
    <AD_EntityType type="table">
        <AD_Client_ID>0</AD_Client_ID>
        <AD_Org_ID>0</AD_Org_ID>
        <EntityType>AIS_LVE</EntityType>
        <AD_Org_ID reference="id">0</AD_Org_ID>
        <IsActive>Y</IsActive>
        <Name>AIS LVE</Name>
        <Description>Asesoramiento Integral de Soluciones </Description>
        <Help/>
        <Version/>
        <ModelPackage/>
        <Classpath/>
        <Processing>N</Processing>
        <AD_EntityType_UU>84e53270-6a23-4b74-b71a-b8a94a647b2c</AD_EntityType_UU>
    </AD_EntityType>
</idempiere>
