<?xml version="1.0" encoding="UTF-8"?><idempiere Name="CostoInicialAIS" Version="1.0.0" idempiereVersion="" DataBaseVersion="" Description="" Author="" AuthorEmail="" CreatedDate="2020-10-14 15:38:56.08" UpdatedDate="2020-10-14 15:38:56.08" PackOutVersion="100" UpdateDictionary="false" Client="0-SYSTEM-System" AD_Client_UU="11237b53-9592-4af1-b3c5-afd216514b5d">
    <AD_Menu type="table">
        <SeqNo>999</SeqNo>
        <AD_Client_ID>0</AD_Client_ID>
        <AD_Org_ID>0</AD_Org_ID>
        <Name>Actualizar Costo Inicial</Name>
        <Description/>
        <Action>P</Action>
        <AD_Window_ID reference="id"/>
        <AD_Workflow_ID reference="id"/>
        <AD_Task_ID reference="id"/>
        <AD_Org_ID reference="id">0</AD_Org_ID>
        <IsActive>Y</IsActive>
        <IsSummary>N</IsSummary>
        <AD_Process_ID reference="uuid" reference-key="AD_Process">822d2b61-dfec-4e5b-9dfa-55dd332a46b5</AD_Process_ID>
        <IsSOTrx>Y</IsSOTrx>
        <AD_Form_ID reference="id"/>
        <IsReadOnly>N</IsReadOnly>
        <EntityType>AIS_LVE</EntityType>
        <IsCentrallyMaintained>Y</IsCentrallyMaintained>
        <AD_Menu_UU>0ae0b2e6-2180-49b9-9373-5de898f28397</AD_Menu_UU>
        <AD_InfoWindow_ID reference="id"/>
        <AD_Menu_Trl type="translation">
            <Description/>
            <Name>Actualizar Costo Inicial</Name>
            <AD_Language>es_CO</AD_Language>
            <IsActive>Y</IsActive>
            <IsTranslated>N</IsTranslated>
        </AD_Menu_Trl>
        <AD_Menu_Trl type="translation">
            <Description/>
            <Name>Actualizar Costo Inicial</Name>
            <AD_Language>es_VE</AD_Language>
            <IsActive>Y</IsActive>
            <IsTranslated>N</IsTranslated>
        </AD_Menu_Trl>
        <AD_Process type="table">
            <AD_Client_ID>0</AD_Client_ID>
            <AD_Org_ID>0</AD_Org_ID>
            <AD_Org_ID reference="id">0</AD_Org_ID>
            <IsActive>Y</IsActive>
            <Name>Costo Inicial </Name>
            <Description/>
            <Help/>
            <ProcedureName/>
            <IsReport>N</IsReport>
            <Value>Actualizar_Costo</Value>
            <IsDirectPrint>N</IsDirectPrint>
            <AD_ReportView_ID reference="id"/>
            <Classname>com.ais.implementation.process.UpdateCost</Classname>
            <AccessLevel>7</AccessLevel>
            <EntityType>AIS_LVE</EntityType>
            <Statistic_Count>34</Statistic_Count>
            <Statistic_Seconds>13313</Statistic_Seconds>
            <AD_PrintFormat_ID reference="id"/>
            <WorkflowValue/>
            <AD_Workflow_ID reference="id"/>
            <IsBetaFunctionality>N</IsBetaFunctionality>
            <IsServerProcess>N</IsServerProcess>
            <ShowHelp>Y</ShowHelp>
            <JasperReport/>
            <AD_Form_ID reference="id"/>
            <CopyFromProcess>N</CopyFromProcess>
            <AD_Process_UU>822d2b61-dfec-4e5b-9dfa-55dd332a46b5</AD_Process_UU>
            <AD_CtxHelp_ID reference="id"/>
            <ExecutionType/>
            <AllowMultipleExecution>P</AllowMultipleExecution>
            <AD_Process_Trl type="translation">
                <Description/>
                <Help/>
                <Name>para actualizar los costo</Name>
                <AD_Language>es_CO</AD_Language>
                <IsActive>Y</IsActive>
                <IsTranslated>N</IsTranslated>
            </AD_Process_Trl>
            <AD_Process_Trl type="translation">
                <Description/>
                <Help/>
                <Name>Actualizar Costo Inicial</Name>
                <AD_Language>es_VE</AD_Language>
                <IsActive>Y</IsActive>
                <IsTranslated>N</IsTranslated>
            </AD_Process_Trl>
            <AD_Process_Para type="table">
                <AD_Client_ID>0</AD_Client_ID>
                <AD_Org_ID>0</AD_Org_ID>
                <AD_Org_ID reference="id">0</AD_Org_ID>
                <IsActive>Y</IsActive>
                <Name>MAcctSchema</Name>
                <Description/>
                <Help/>
                <AD_Process_ID reference="uuid" reference-key="AD_Process">822d2b61-dfec-4e5b-9dfa-55dd332a46b5</AD_Process_ID>
                <SeqNo>10</SeqNo>
                <AD_Reference_ID reference="id">19</AD_Reference_ID>
                <AD_Reference_Value_ID reference="id"/>
                <IsRange>N</IsRange>
                <AD_Val_Rule_ID reference="id"/>
                <FieldLength>0</FieldLength>
                <IsMandatory>N</IsMandatory>
                <DefaultValue/>
                <VFormat/>
                <ValueMin/>
                <ValueMax/>
                <ColumnName>C_AcctSchema_ID</ColumnName>
                <DefaultValue2/>
                <IsCentrallyMaintained>N</IsCentrallyMaintained>
                <EntityType>AIS_LVE</EntityType>
                <AD_Element_ID reference="id"/>
                <ReadOnlyLogic/>
                <DisplayLogic/>
                <AD_Process_Para_UU>289a6661-0946-490f-b844-ef551bcb3b3d</AD_Process_Para_UU>
                <IsEncrypted>N</IsEncrypted>
                <MandatoryLogic/>
                <Placeholder/>
                <Placeholder2/>
                <IsAutocomplete>N</IsAutocomplete>
                <AD_Process_Para_Trl type="translation">
                    <Description>esquema</Description>
                    <Help/>
                    <Name>Esquema Contable</Name>
                    <Placeholder/>
                    <Placeholder2/>
                    <AD_Language>es_CO</AD_Language>
                    <IsActive>Y</IsActive>
                    <IsTranslated>N</IsTranslated>
                </AD_Process_Para_Trl>
                <AD_Process_Para_Trl type="translation">
                    <Description>esquema </Description>
                    <Help/>
                    <Name>Esquema Contable</Name>
                    <Placeholder/>
                    <Placeholder2/>
                    <AD_Language>es_VE</AD_Language>
                    <IsActive>Y</IsActive>
                    <IsTranslated>N</IsTranslated>
                </AD_Process_Para_Trl>
            </AD_Process_Para>
            <AD_Process_Para type="table">
                <AD_Client_ID>0</AD_Client_ID>
                <AD_Org_ID>0</AD_Org_ID>
                <AD_Org_ID reference="id">0</AD_Org_ID>
                <IsActive>Y</IsActive>
                <Name>SetTypeCostTo</Name>
                <Description/>
                <Help/>
                <AD_Process_ID reference="uuid" reference-key="AD_Process">822d2b61-dfec-4e5b-9dfa-55dd332a46b5</AD_Process_ID>
                <SeqNo>20</SeqNo>
                <AD_Reference_ID reference="id">19</AD_Reference_ID>
                <AD_Reference_Value_ID reference="id"/>
                <IsRange>N</IsRange>
                <AD_Val_Rule_ID reference="id"/>
                <FieldLength>0</FieldLength>
                <IsMandatory>N</IsMandatory>
                <DefaultValue/>
                <VFormat/>
                <ValueMin/>
                <ValueMax/>
                <ColumnName>M_CostType_ID</ColumnName>
                <DefaultValue2/>
                <IsCentrallyMaintained>N</IsCentrallyMaintained>
                <EntityType>AIS_LVE</EntityType>
                <AD_Element_ID reference="id"/>
                <ReadOnlyLogic/>
                <DisplayLogic/>
                <AD_Process_Para_UU>a1a4829b-c1b5-4977-aadc-bbde843de3bc</AD_Process_Para_UU>
                <IsEncrypted>N</IsEncrypted>
                <MandatoryLogic/>
                <Placeholder/>
                <Placeholder2/>
                <IsAutocomplete>N</IsAutocomplete>
                <AD_Process_Para_Trl type="translation">
                    <Description>tipo de costo</Description>
                    <Help/>
                    <Name>Tipo de Costo</Name>
                    <Placeholder/>
                    <Placeholder2/>
                    <AD_Language>es_CO</AD_Language>
                    <IsActive>Y</IsActive>
                    <IsTranslated>N</IsTranslated>
                </AD_Process_Para_Trl>
                <AD_Process_Para_Trl type="translation">
                    <Description>tipo de costo </Description>
                    <Help/>
                    <Name>Tipo de Costo</Name>
                    <Placeholder/>
                    <Placeholder2/>
                    <AD_Language>es_VE</AD_Language>
                    <IsActive>Y</IsActive>
                    <IsTranslated>N</IsTranslated>
                </AD_Process_Para_Trl>
            </AD_Process_Para>
            <AD_Process_Para type="table">
                <AD_Client_ID>0</AD_Client_ID>
                <AD_Org_ID>0</AD_Org_ID>
                <AD_Org_ID reference="id">0</AD_Org_ID>
                <IsActive>Y</IsActive>
                <Name>MCostElement</Name>
                <Description/>
                <Help/>
                <AD_Process_ID reference="uuid" reference-key="AD_Process">822d2b61-dfec-4e5b-9dfa-55dd332a46b5</AD_Process_ID>
                <SeqNo>30</SeqNo>
                <AD_Reference_ID reference="id">19</AD_Reference_ID>
                <AD_Reference_Value_ID reference="id"/>
                <IsRange>N</IsRange>
                <AD_Val_Rule_ID reference="id"/>
                <FieldLength>0</FieldLength>
                <IsMandatory>N</IsMandatory>
                <DefaultValue/>
                <VFormat/>
                <ValueMin/>
                <ValueMax/>
                <ColumnName>M_CostElement_ID</ColumnName>
                <DefaultValue2/>
                <IsCentrallyMaintained>N</IsCentrallyMaintained>
                <EntityType>AIS_LVE</EntityType>
                <AD_Element_ID reference="id"/>
                <ReadOnlyLogic/>
                <DisplayLogic/>
                <AD_Process_Para_UU>67296d84-038c-48cc-9496-428b74fe2e02</AD_Process_Para_UU>
                <IsEncrypted>N</IsEncrypted>
                <MandatoryLogic/>
                <Placeholder/>
                <Placeholder2/>
                <IsAutocomplete>N</IsAutocomplete>
                <AD_Process_Para_Trl type="translation">
                    <Description>elemento de costo</Description>
                    <Help/>
                    <Name>Elemento de Costo</Name>
                    <Placeholder/>
                    <Placeholder2/>
                    <AD_Language>es_CO</AD_Language>
                    <IsActive>Y</IsActive>
                    <IsTranslated>N</IsTranslated>
                </AD_Process_Para_Trl>
                <AD_Process_Para_Trl type="translation">
                    <Description>elemento de costo </Description>
                    <Help/>
                    <Name>Elemento de Costo</Name>
                    <Placeholder/>
                    <Placeholder2/>
                    <AD_Language>es_VE</AD_Language>
                    <IsActive>Y</IsActive>
                    <IsTranslated>N</IsTranslated>
                </AD_Process_Para_Trl>
            </AD_Process_Para>
            <AD_Process_Para type="table">
                <AD_Client_ID>0</AD_Client_ID>
                <AD_Org_ID>0</AD_Org_ID>
                <AD_Org_ID reference="id">0</AD_Org_ID>
                <IsActive>Y</IsActive>
                <Name>M_PriceList_Version_ID</Name>
                <Description/>
                <Help/>
                <AD_Process_ID reference="uuid" reference-key="AD_Process">822d2b61-dfec-4e5b-9dfa-55dd332a46b5</AD_Process_ID>
                <SeqNo>40</SeqNo>
                <AD_Reference_ID reference="id">19</AD_Reference_ID>
                <AD_Reference_Value_ID reference="id"/>
                <IsRange>N</IsRange>
                <AD_Val_Rule_ID reference="id"/>
                <FieldLength>0</FieldLength>
                <IsMandatory>N</IsMandatory>
                <DefaultValue/>
                <VFormat/>
                <ValueMin/>
                <ValueMax/>
                <ColumnName>M_PriceList_Version_ID</ColumnName>
                <DefaultValue2/>
                <IsCentrallyMaintained>N</IsCentrallyMaintained>
                <EntityType>U</EntityType>
                <AD_Element_ID reference="id"/>
                <ReadOnlyLogic/>
                <DisplayLogic/>
                <AD_Process_Para_UU>2ebf3610-2b36-43bb-a913-63ee53c9052e</AD_Process_Para_UU>
                <IsEncrypted>N</IsEncrypted>
                <MandatoryLogic/>
                <Placeholder/>
                <Placeholder2/>
                <IsAutocomplete>N</IsAutocomplete>
                <AD_Process_Para_Trl type="translation">
                    <Description>lista de precio</Description>
                    <Help/>
                    <Name>Lista de Costo</Name>
                    <Placeholder/>
                    <Placeholder2/>
                    <AD_Language>es_CO</AD_Language>
                    <IsActive>Y</IsActive>
                    <IsTranslated>N</IsTranslated>
                </AD_Process_Para_Trl>
                <AD_Process_Para_Trl type="translation">
                    <Description>lista de precio </Description>
                    <Help/>
                    <Name>Lista de Costo</Name>
                    <Placeholder/>
                    <Placeholder2/>
                    <AD_Language>es_VE</AD_Language>
                    <IsActive>Y</IsActive>
                    <IsTranslated>N</IsTranslated>
                </AD_Process_Para_Trl>
            </AD_Process_Para>
        </AD_Process>
    </AD_Menu>
</idempiere>
